annualized_return,sharpe_ratio,max_drawdown
0.24216080717931066,0.7568256469221295,-0.292118298067768
